embryo_id,embryo_sex,nuclei_extraction_date,development_stage,RT_group
38,F,3,13.5,TGAGGTAGAA
9,M,2,11.5,GTATAATACG
26,F,3,10.5,AATACCATCC
16,F,2,13.5,ACTCTCTCAA
33,M,3,12.5,TGCGCCATCT
43,M,4,10.5,GATCGCTTCT
61,M,5,11.5,GCTCAGCCGG
42,F,4,9.5,TAGATCTACT
29,M,3,11.5,TAGACTTCTT
66,M,5,13.5,AATTATCAGC
39,F,4,9.5,TGAGTCTGGC
9,M,2,11.5,CATAGTTCGG
5,F,1,10.5,ATCGGCTATC
7,F,2,11.5,TTACGATGAA
43,M,4,10.5,CGGTCAAGAA
49,M,4,11.5,AGCTGCAATA
14,F,2,12.5,GAAGGTTGCC
47,M,4,11.5,GGAGGCCTCC
67,F,5,13.5,TCTATAAGGA
10,F,2,11.5,TATCATGATC
50,F,4,11.5,CGCCTAATGC
5,F,1,10.5,AAGACCGTTG
37,M,3,13.5,TTAGATTCCG
26,F,3,10.5,TCTAATAGTA
47,M,4,11.5,CGGTTATGCC
31,M,3,12.5,AAGTTGCCAT
59,M,5,10.5,ACCTGGCCAA
28,F,3,11.5,TAACGATCCA
34,F,3,12.5,GTACTAGTAA
49,M,4,11.5,GTCCTACTTG
49,M,4,11.5,TTATAGCAGA
28,F,3,11.5,CCATCGCGAA
16,F,2,13.5,GTTGACGGCC
11,F,2,12.5,GGCCAGTCCG
26,F,3,10.5,GGTATCCGCC
17,M,2,13.5,TGGAAGTACC
9,M,2,11.5,TTCCAACCGC
46,F,4,10.5,ATCCATGACT
66,M,5,13.5,TTAGGATCTA
64,M,5,12.5,TTCCATGGCA
47,M,4,11.5,GTCCTTAAGA
26,F,3,10.5,GCTAACTTGC
28,F,3,11.5,TTAGGACCGG
12,M,2,12.5,CGGAGATCCG
48,F,4,11.5,CAACCAGTAC
31,M,3,12.5,AAGACGGCCA
15,M,2,13.5,CTCGATGGAG
66,M,5,13.5,CATTATTACC
7,F,2,11.5,GATATCGGCG
59,M,5,10.5,ATAAGGAGCA
34,F,3,12.5,TTAATTATTG
27,F,3,11.5,TAACGAATTG
3,F,1,9.5,GATCTTACGC
8,M,2,11.5,TTCTTCCGGT
38,F,3,13.5,CCGCGGACCG
38,F,3,13.5,GTCCAACTCA
61,M,5,11.5,CAGGAGGAGA
47,M,4,11.5,ATATTGATAC
15,M,2,13.5,GAACTGCATC
35,M,3,13.5,ACTATCCGCA
15,M,2,13.5,TCGTAGAGAA
60,F,5,10.5,CATTCGACGG
10,F,2,11.5,TAACTCAATT
7,F,2,11.5,CCGTTCCTTA
48,F,4,11.5,TGGCCGGCCT
21,F,2,9.5,GGTACTGCCT
50,F,4,11.5,ATTCAGGTAC
34,F,3,12.5,AAGTCTTCCG
58,M,5,9.5,TCGCGGTTGG
28,F,3,11.5,AGCCGGTACC
33,M,3,12.5,GTTCCGCTAA
44,M,4,10.5,CCAGTTCCAA
66,M,5,13.5,CTGATTAAGA
31,M,3,12.5,AATAATACCA
25,F,3,10.5,GGAGGATAGC
60,F,5,10.5,GACCTTGATA
56,M,5,9.5,TGGTCAGCCA
29,M,3,11.5,TTATTATGGT
48,F,4,11.5,CCGCTGCCAG
48,F,4,11.5,TTCAATATAA
49,M,4,11.5,ACGTCATATA
46,F,4,10.5,TATATACTAA
12,M,2,12.5,GCCGTATGCT
64,M,5,12.5,AATACTCTTC
68,M,5,13.5,AATTGCCTAC
66,M,5,13.5,AACGGACCAA
66,M,5,13.5,GGTCCAGGAG
51,F,4,12.5,ATAGACTAGG
14,F,2,12.5,CGGTAGGAAT
27,F,3,11.5,TTAATTGAAT
60,F,5,10.5,TAACTGGTTA
46,F,4,10.5,ACCGCCAACC
36,F,3,13.5,AATGGTCGAC
48,F,4,11.5,CATCAGAATG
12,M,2,12.5,TCGAGGAGTA
4,M,1,10.5,TCTTGCCGAC
62,M,5,11.5,TCAGCTCTAA
50,F,4,11.5,GGCCGTAGTC
33,M,3,12.5,AGTTCGAGTA
35,M,3,13.5,GCGACGCAGA
14,F,2,12.5,GATAAGGCAA
12,M,2,12.5,AATGCTAGTC
29,M,3,11.5,ACCTCTATCT
7,F,2,11.5,TAGGCCATAG
47,M,4,11.5,ATATGAGCCA
6,M,1,10.5,AATCGATAAT
28,F,3,11.5,TTCTTAATAA
36,F,3,13.5,TGATAGAACG
14,F,2,12.5,TCTCCTATAA
9,M,2,11.5,CTTGGTAATG
61,M,5,11.5,TAATGAACGA
10,F,2,11.5,GGCGAACTCG
48,F,4,11.5,AGTAACGGTC
27,F,3,11.5,TCAATCGCAT
47,M,4,11.5,GGACTACTAC
67,F,5,13.5,ATTGCGCTGA
6,M,1,10.5,TTATCCGGAT
37,M,3,13.5,AACTGATCTT
31,M,3,12.5,CCGTCCAGTA
36,F,3,13.5,AGCGTCAATG
7,F,2,11.5,ACGTCCGCAG
65,M,5,13.5,CTGCTTCGAC
37,M,3,13.5,TGGAACTAGA
6,M,1,10.5,TAGCCGTCAT
27,F,3,11.5,GAGCATATGG
55,F,5,9.5,AATTAAGACT
62,M,5,11.5,CGGATGAAGG
66,M,5,13.5,CCTAGCGCCT
34,F,3,12.5,TTCGCTTACG
57,M,5,9.5,ACTATGCAAT
16,F,2,13.5,CAAGTACTGG
10,F,2,11.5,CCGCGGCTCA
59,M,5,10.5,CAACCGCTAA
38,F,3,13.5,ACTTCCGAAT
27,F,3,11.5,CCGTTCGGAT
7,F,2,11.5,CCGCTCCGGC
33,M,3,12.5,GCCAACGCCA
47,M,4,11.5,CGTCGCAGCC
28,F,3,11.5,AGGTATACTC
59,M,5,10.5,ACTTGCTAGA
33,M,3,12.5,AGGCCGCTCG
62,M,5,11.5,TATCCTCAAT
51,F,4,12.5,TACGGCTACG
1,F,1,9.5,AGAGCTATAA
60,F,5,10.5,GGTACCGGCA
29,M,3,11.5,GGCAATGAGA
13,F,2,12.5,GACGACCTGC
48,F,4,11.5,GTATCATCGA
16,F,2,13.5,AACCTAGCTT
29,M,3,11.5,TTCATAGGAC
15,M,2,13.5,CGCCGCCTCC
8,M,2,11.5,CCAGTCCTCT
42,F,4,9.5,TTACCGAGGC
35,M,3,13.5,TTCAAGACCA
50,F,4,11.5,GGTAGGTTAG
10,F,2,11.5,CGTAATGCAG
65,M,5,13.5,TGATACGAGT
65,M,5,13.5,GGTCGCGTCA
28,F,3,11.5,TTATTCTGAG
16,F,2,13.5,TGATGGCCTT
14,F,2,12.5,AGAGCCAGCC
51,F,4,12.5,TTACGTATAC
17,M,2,13.5,TCCGGTAATC
34,F,3,12.5,TTGGACGCTG
8,M,2,11.5,CTTGCAGTAG
49,M,4,11.5,CCGCGATTAT
52,M,4,12.5,GCAGGCGACG
68,M,5,13.5,ACGTTCAACC
53,M,4,13.5,GGCTAATTAA
8,M,2,11.5,TAACTCTTAG
51,F,4,12.5,TGCATATAAC
64,M,5,12.5,CGGTCGTTAA
63,F,5,9.5,CATTCAATCA
67,F,5,13.5,TTAACGTACC
44,M,4,10.5,CTAACTAGAT
22,M,2,9.5,GAAGATCGAG
10,F,2,11.5,CAAGTCGACC
53,M,4,13.5,AGTAAGCATA
49,M,4,11.5,CAATTACCGT
51,F,4,12.5,GCGACGCCTT
64,M,5,12.5,CAAGGCATTC
64,M,5,12.5,CCAACTAACC
62,M,5,11.5,TGGAGAATTC
44,M,4,10.5,CCGATTCCTG
24,F,3,10.5,TAGAGTAATA
46,F,4,10.5,GCTGGAACTT
58,M,5,9.5,GGTATGCTTG
9,M,2,11.5,TATGAGTTAA
64,M,5,12.5,TTGGAATCTC
51,F,4,12.5,GCGCGGTAGT
50,F,4,11.5,CCGCAAGTTC
10,F,2,11.5,TATAGACGCA
14,F,2,12.5,CATAACCAGC
64,M,5,12.5,ATAGTCGTAG
53,M,4,13.5,AATACGCAGG
64,M,5,12.5,CTTCGGCGCA
29,M,3,11.5,AAGTAAGAGC
12,M,2,12.5,CGGAAGATAT
38,F,3,13.5,GACCTCTCTG
61,M,5,11.5,TGACGCTCCG
61,M,5,11.5,CAAGGAGGTC
38,F,3,13.5,CAAGATTAAG
50,F,4,11.5,TTACTTGGAA
22,M,2,9.5,CGACGCGACT
57,M,5,9.5,TCTGATACCA
55,F,5,9.5,ATCATATTAG
34,F,3,12.5,CGAATAATTC
61,M,5,11.5,ACCGGAATTA
34,F,3,12.5,CAGATTCGAT
47,M,4,11.5,CCTTGGTCCA
6,M,1,10.5,AGGTTAGCAT
52,M,4,12.5,GCCAGGATCA
51,F,4,12.5,CCGTTGACTT
37,M,3,13.5,GCAAGGAATA
25,F,3,10.5,GCAGGTCCGT
65,M,5,13.5,CAAGCTTCAT
12,M,2,12.5,ATTGAGATTG
24,F,3,10.5,AGAGAAGGTT
63,F,5,9.5,AAGCCAGTTA
49,M,4,11.5,GTTCGTCAGA
41,M,4,9.5,TGCCGGCAGA
44,M,4,10.5,AGCTTATCCG
59,M,5,10.5,AACCTGGTCT
11,F,2,12.5,CGCGTACGAC
64,M,5,12.5,AAGTAGTCAG
60,F,5,10.5,AACCATTGGA
53,M,4,13.5,CCAGGTCTAC
53,M,4,13.5,GACTAGTCTA
37,M,3,13.5,GGCTATGACT
36,F,3,13.5,TCCGTCGCCA
35,M,3,13.5,AGATATATCG
67,F,5,13.5,AGTTGCATCT
62,M,5,11.5,GGAGCGGCCG
46,F,4,10.5,CATCTCTGCA
62,M,5,11.5,AACTGCTGCC
34,F,3,12.5,TCTACCATTA
25,F,3,10.5,AGAGCCAAGG
68,M,5,13.5,TTGGAGTCGG
33,M,3,12.5,CAGGTATGGA
50,F,4,11.5,CGGTTGCGCG
17,M,2,13.5,AGTCCGCGGA
35,M,3,13.5,CCGTCGGAGG
11,F,2,12.5,GCCGTCGCGT
28,F,3,11.5,CCATAAGTCC
65,M,5,13.5,CGTCCGTCCT
24,F,3,10.5,TTCGCCTCCA
17,M,2,13.5,TCCAGAAGGT
65,M,5,13.5,TTGGTCATAA
29,M,3,11.5,GTCCTAGAGG
66,M,5,13.5,GCTCTCGCCT
61,M,5,11.5,GAGCATCATT
52,M,4,12.5,TATAGTAAGC
40,M,4,9.5,GCCATTCTCC
67,F,5,13.5,TACTTACTTA
31,M,3,12.5,ACCAGCGCAG
68,M,5,13.5,AGCTAAGGTA
37,M,3,13.5,GTCATTGCGC
13,F,2,12.5,TGGCTGATGA
64,M,5,12.5,GCTAACCTCA
24,F,3,10.5,CCATTATCTA
60,F,5,10.5,CGAACGCCGG
33,M,3,12.5,TGCGCCAGAA
9,M,2,11.5,AGGAGAGAAC
67,F,5,13.5,AACGAGGCTA
5,F,1,10.5,GATACGGAAC
7,F,2,11.5,GACGAAGCGT
27,F,3,11.5,ACTATAGGTT
33,M,3,12.5,ACGCCGTTCA
7,F,2,11.5,TTGCTAACGG
21,F,2,9.5,GCCGCAACGA
11,F,2,12.5,GCGTTCAGCT
43,M,4,10.5,GGCTGAGCTC
64,M,5,12.5,TGAGTCCAGA
16,F,2,13.5,ACTGCCGATA
53,M,4,13.5,TTATAAGAAC
17,M,2,13.5,GTCGCTCAGT
62,M,5,11.5,ACCTGGACGC
11,F,2,12.5,GGCGAGCTTA
13,F,2,12.5,CCTTACTCCT
26,F,3,10.5,TCGGCCTTAC
59,M,5,10.5,AGGTTAGTTC
15,M,2,13.5,GGATGCAGCA
40,M,4,9.5,TGCGGACCTA
38,F,3,13.5,GGCATAGCTT
6,M,1,10.5,ACGAAGTCAA
5,F,1,10.5,GGCAGACGCC
13,F,2,12.5,TGGTATTCAT
29,M,3,11.5,CGGCGTAACT
8,M,2,11.5,ATGGCTCTGC
11,F,2,12.5,TGCGCGATGC
67,F,5,13.5,ACTATCTTGA
13,F,2,12.5,ACCGCAGAAT
11,F,2,12.5,TATCGTCGGC
8,M,2,11.5,TTGCGAGGCA
5,F,1,10.5,TCCAATCATC
4,M,1,10.5,CGGATTAGAA
8,M,2,11.5,ACTAGAGAGT
65,M,5,13.5,CGCCTCGAAC
6,M,1,10.5,TCCGGCCTCG
64,M,5,12.5,TATGCCGAGT
36,F,3,13.5,CGAGCTGCCA
13,F,2,12.5,TTGATGCTAT
61,M,5,11.5,ATGGAATTGG
50,F,4,11.5,TGGCCATGCA
14,F,2,12.5,TCAGACGAAC
36,F,3,13.5,TATTACTCAT
9,M,2,11.5,ATTCGACCAA
53,M,4,13.5,ACGCAACTCC
62,M,5,11.5,CTCTGATCAG
64,M,5,12.5,ATGGCGGATC
25,F,3,10.5,TCAACGTAAG
68,M,5,13.5,AATCTGGAGT
1,F,1,9.5,GCGTTGGAGC
27,F,3,11.5,CTTGCAACCT
24,F,3,10.5,CTAGTAGTCT
11,F,2,12.5,CGAATAGATG
68,M,5,13.5,AGGTCAATTA
51,F,4,12.5,AGACTCAAGC
44,M,4,10.5,TCGCTAAGCA
25,F,3,10.5,CATACTCCGA
52,M,4,12.5,TTCTTATCGA
43,M,4,10.5,AGCTCTCCTC
68,M,5,13.5,GGATCTGCAG
16,F,2,13.5,CATGCATCTC
5,F,1,10.5,AAGAAGCTAG
31,M,3,12.5,GCCGGTCGAG
37,M,3,13.5,CGATCATTAC
3,F,1,9.5,CTAAGAGAAG
36,F,3,13.5,TCTAGAACTA
68,M,5,13.5,GGACTCATTG
53,M,4,13.5,AACTACCGAC
15,M,2,13.5,ACGAGGACCT
35,M,3,13.5,ACCGTTACGA
39,F,4,9.5,TAGAATTAAC
10,F,2,11.5,TCAAGCCGAT
43,M,4,10.5,AGAACGTCTC
52,M,4,12.5,CTGGATTAGT
26,F,3,10.5,GGCTCTCTAT
15,M,2,13.5,ATGCAATATG
17,M,2,13.5,CTCGTCTAGG
64,M,5,12.5,TTGGATCCTT
36,F,3,13.5,CATGCTGGTT
19,F,2,9.5,ACTCAATAGG
49,M,4,11.5,CATCCGACTA
9,M,2,11.5,AATGCCGCTT
43,M,4,10.5,AACTAGGCGC
17,M,2,13.5,ATCGAGTCGC
27,F,3,11.5,GTTACGCAAG
12,M,2,12.5,CGATGGCGCC
20,F,2,9.5,CTTGCGCCGC
24,F,3,10.5,TTACCTCGAC
14,F,2,12.5,CTCTGCGGCA
4,M,1,10.5,CGTAGTTACC
44,M,4,10.5,CGCTCCTAAC
8,M,2,11.5,TTGCTGGCAT
48,F,4,11.5,GTAGCTCCAT
65,M,5,13.5,GATGATCGTA
64,M,5,12.5,GCAGACCGGT
52,M,4,12.5,TAGGCAGATA
52,M,4,12.5,ATCAACGATT
31,M,3,12.5,CCAGGCCGCA
25,F,3,10.5,ACGCGAGATT
35,M,3,13.5,GACCTCCGCC
20,F,2,9.5,CCGAGAATCC
13,F,2,12.5,CTGAACTGGT
12,M,2,12.5,TTAGCAATAA
56,M,5,9.5,TTATTCATTC
46,F,4,10.5,ACTTAACCTT
37,M,3,13.5,TTGAGTATCA
35,M,3,13.5,GCTCTAACGA
31,M,3,12.5,GTTGAAGGAT
38,F,3,13.5,TCGATATTGA
52,M,4,12.5,ACTTAACTAG
67,F,5,13.5,ACTACTGAAG
16,F,2,13.5,CCGCTATATT
17,M,2,13.5,CGGCGAGACC
15,M,2,13.5,AAGCCGGCTG
41,M,4,9.5,ACGGAGGCGG
13,F,2,12.5,TTGATATATT
4,M,1,10.5,AACCTGCGTA
64,M,5,12.5,GTTCTGAATT
19,F,2,9.5,CTGATGGTCA
